"","Lower CI","Median","Upper CI"
"U statistic",595383.625,606219,616884.15
"p-value",0.00203984860063869,0.0166336885240842,0.084737950824645
