"","Lower CI","Median","Upper CI"
"U statistic",1.48394414885292,2.04568119139525,2.95154357661674
"p-value",0.00159814903857543,0.0204548166885172,0.0689862454198547
